,town_name,party_votes,PSC,PP,VOX,Cs,ERC,ECP,JxCat,CUP
0,Abella de la Conca,62,3,0,0,1,16,2,29,9
1,Àger,301,31,4,9,7,83,5,102,34
2,Agramunt,2053,203,47,92,44,602,43,755,97
3,"Alamús, els",364,34,2,24,5,108,13,112,25
4,Alàs i Cerc,167,31,4,2,5,37,4,52,18
5,"Albagés, l'",201,30,6,16,7,62,6,43,11
6,Albatàrrec,742,96,20,54,31,233,26,181,45
7,Albesa,625,54,24,9,9,227,13,191,62
8,"Albi, l'",413,38,14,12,12,123,12,152,28
9,Alcanó,131,11,1,1,0,45,7,48,10
10,Alcarràs,2512,321,73,163,73,773,61,638,154
11,Alcoletge,1192,198,24,73,55,308,51,281,67
12,Alfarràs,1071,234,43,58,39,230,24,331,51
13,Alfés,168,8,0,0,2,60,4,45,16
14,Algerri,212,15,7,5,6,73,4,74,19
15,Alguaire,1125,126,28,22,14,361,26,383,80
16,Alins,157,21,3,0,1,39,5,47,12
17,Almacelles,2094,361,102,128,86,544,105,476,112
18,Almatret,199,13,6,11,3,53,4,73,10
19,Almenar,1267,175,19,44,21,473,31,320,83
20,Alòs de Balaguer,62,6,1,0,2,19,4,24,2
21,Alpicat,2699,376,98,197,108,677,73,739,141
22,Alt Àneu,248,25,2,1,1,82,2,87,31
23,Naut Aran,725,179,43,113,55,106,26,95,33
24,Anglesola,569,15,12,27,17,194,16,223,21
25,Arbeca,971,112,25,17,10,306,27,324,91
26,"Pont de Bar, el",75,4,1,1,0,19,3,27,15
27,Arres,29,11,2,5,2,2,0,3,1
28,Arsèguel,44,2,0,1,0,20,1,9,6
29,Artesa de Lleida,751,65,10,22,12,255,15,230,69
30,Artesa de Segre,1332,101,25,39,17,453,19,448,105
31,"Sentiu de Sió, la",237,28,3,12,2,63,9,85,14
32,Aspa,122,34,7,8,5,21,0,31,13
33,"Avellanes i Santa Linya, les",201,17,2,7,1,74,3,57,19
34,Aitona,902,78,75,31,13,193,18,138,26
35,Baix Pallars,195,22,2,2,3,48,14,56,32
36,Balaguer,5349,866,172,260,177,1534,146,1392,340
37,Barbens,283,27,5,8,2,97,4,90,15
38,"Baronia de Rialb, la",140,8,1,1,1,34,2,31,4
39,"Vall de Boí, la",498,33,8,4,4,159,29,144,68
40,Bassella,130,10,6,3,2,23,3,38,13
41,Bausen,25,5,2,0,2,3,3,2,5
42,Belianes,271,30,15,7,5,73,2,73,43
43,Bellcaire d'Urgell,665,53,18,16,10,261,8,187,50
44,Bell-lloc d'Urgell,1006,118,21,33,26,305,18,295,49
45,Bellmunt d'Urgell,107,4,0,5,2,25,0,24,7
46,Bellpuig,1846,183,37,37,31,576,42,601,168
47,Bellver de Cerdanya,995,124,22,23,22,240,35,316,118
48,Bellvís,976,65,12,15,9,361,21,351,78
49,Benavent de Segrià,679,86,19,32,26,196,14,180,46
50,Biosca,94,9,3,2,4,12,3,45,4
51,Bovera,120,12,0,3,2,28,2,50,9
52,"Bòrdes, Es",109,21,4,14,7,19,10,12,10
53,"Borges Blanques, les",2432,203,31,83,44,791,46,884,201
54,Bossòst,464,166,23,91,34,47,16,36,11
55,Cabanabona,37,1,1,2,0,10,0,11,5
56,Cabó,47,3,0,6,0,13,0,18,2
57,Camarasa,430,26,8,17,9,158,11,137,40
58,Canejan,32,9,1,6,0,9,1,5,1
59,Castellar de la Ribera,74,4,2,0,0,17,0,29,10
60,Castelldans,398,31,16,15,12,97,17,111,38
61,Castellnou de Seana,297,18,7,9,5,79,3,110,14
62,Castelló de Farfanya,228,11,2,6,2,97,4,81,13
63,Castellserà,488,31,6,6,11,147,6,162,64
64,Cava,32,1,1,2,0,7,0,13,7
65,Cervera,3172,426,87,188,73,823,110,911,263
66,Cervià de les Garrigues,340,26,1,5,8,147,10,103,24
67,Ciutadilla,125,11,3,3,4,52,3,40,4
68,Clariana de Cardener,88,7,0,0,0,29,1,16,16
69,"Cogul, el",90,10,0,4,1,32,2,31,7
70,Coll de Nargó,274,31,2,5,5,73,5,75,42
71,Corbins,646,49,9,19,15,240,18,201,47
72,Cubells,185,5,5,5,2,65,0,73,4
73,"Espluga Calba, l'",173,19,5,2,1,57,2,46,22
74,Espot,197,19,4,3,2,71,3,52,6
75,Estaràs,100,7,4,7,1,22,3,43,6
76,Esterri d'Àneu,391,30,0,1,5,105,13,144,50
77,Esterri de Cardós,39,5,0,0,0,5,1,21,5
78,Estamariu,61,3,0,0,1,11,1,34,3
79,Farrera,58,3,0,0,0,14,3,15,20
80,"Floresta, la",96,5,4,3,2,21,1,37,11
81,Fondarella,381,46,5,23,13,79,4,134,21
82,Foradada,87,6,5,1,1,16,0,41,12
83,"Fuliola, la",472,42,13,9,5,157,2,176,38
84,Fulleda,60,4,3,1,3,33,0,8,3
85,Gavet de la Conca,142,13,1,0,2,42,1,51,21
86,Golmés,721,47,18,20,16,184,12,297,47
87,Gósol,131,14,0,2,2,42,4,44,15
88,"Granadella, la",361,15,4,11,3,119,5,132,43
89,"Granja d'Escarp, la",395,56,13,15,22,97,9,93,3
90,Granyanella,73,6,0,3,1,22,6,24,7
91,Granyena de Segarra,79,10,3,4,0,15,4,29,9
92,Granyena de les Garrigues,91,8,1,4,1,28,2,33,7
93,Guimerà,141,4,4,4,3,36,0,60,5
94,Guissona,1542,232,24,24,43,403,45,488,134
95,Guixers,73,4,1,2,1,11,1,24,6
96,Ivars de Noguera,176,13,4,10,3,35,1,34,26
97,Ivars d'Urgell,718,92,14,12,8,251,15,194,47
98,Ivorra,83,0,0,1,1,14,3,51,2
99,Isona i Conca Dellà,528,67,7,8,5,137,5,231,21
100,Juncosa,166,18,3,3,2,42,3,68,13
101,Juneda,1381,136,26,19,23,447,21,415,117
102,Lleida,46275,9471,2563,4116,2409,9980,1987,9645,2787
103,Les,316,110,11,25,20,56,20,29,11
104,Linyola,1057,70,25,16,32,317,18,399,80
105,Lladorre,139,10,0,3,4,41,3,54,13
106,Lladurs,98,4,4,2,2,20,1,28,12
107,Llardecans,241,13,10,7,5,78,8,82,23
108,Llavorsí,190,20,2,0,2,72,2,46,34
109,Lles de Cerdanya,144,8,1,0,0,36,7,51,23
110,Llimiana,80,7,0,2,1,19,5,26,10
111,Llobera,96,4,0,1,2,33,3,31,13
112,Maldà,125,11,1,4,0,26,1,51,25
113,Massalcoreig,242,34,3,13,3,79,5,51,20
114,Massoteres,84,10,0,3,2,25,2,30,4
115,Maials,398,36,11,12,8,89,7,126,24
116,Menàrguens,388,53,7,7,1,125,9,127,19
117,Miralcamp,554,70,9,21,13,156,7,186,22
118,"Molsosa, la",67,5,5,0,0,9,0,36,7
119,Mollerussa,4284,607,130,216,108,1021,119,1282,257
120,Montgai,363,42,14,8,9,122,0,91,31
121,Montellà i Martinet,306,27,6,2,7,91,7,96,45
122,Montferrer i Castellbò,444,43,14,8,5,120,18,131,43
123,Montoliu de Segarra,87,5,3,0,2,15,2,38,10
124,Montoliu de Lleida,246,17,9,10,5,72,8,78,26
125,Montornès de Segarra,55,10,0,1,0,13,1,19,4
126,Nalec,60,7,0,0,0,20,1,28,0
127,Navès,134,8,5,3,4,17,3,59,12
128,Odèn,142,5,6,1,3,34,0,48,11
129,Oliana,830,107,26,13,11,262,17,301,43
130,Oliola,118,5,2,8,1,26,1,52,13
131,Olius,461,36,14,11,9,107,7,201,33
132,"Oluges, les",92,8,1,2,1,22,2,43,6
133,"Omellons, els",103,7,4,9,1,35,6,19,4
134,"Omells de na Gaia, els",73,4,0,0,0,16,2,42,6
135,Organyà,359,43,9,11,6,95,10,134,24
136,Os de Balaguer,493,54,13,14,7,148,20,149,53
137,Ossó de Sió,105,8,1,7,2,26,1,37,3
138,"Palau d'Anglesola, el",998,71,16,33,9,310,18,361,62
139,Conca de Dalt,213,26,8,1,1,58,5,64,38
140,"Coma i la Pedra, la",138,2,4,8,0,28,4,60,15
141,Penelles,214,11,6,4,4,67,2,87,12
142,Peramola,183,12,4,3,2,58,3,64,17
143,Pinell de Solsonès,91,2,5,2,1,25,0,42,8
144,Pinós,152,7,10,7,0,13,6,41,27
145,"Poal, el",326,14,11,20,1,91,4,122,24
146,"Pobla de Cérvoles, la",112,15,3,3,4,30,1,26,10
147,Bellaguarda,186,18,4,4,0,55,4,74,14
148,"Pobla de Segur, la",1324,219,21,25,24,323,51,426,128
149,Ponts,1033,88,42,32,11,346,18,341,75
150,"Pont de Suert, el",930,258,33,42,16,186,62,162,72
151,"Portella, la",261,34,0,9,7,77,5,94,20
152,Prats i Sansor,138,9,8,11,3,25,5,47,10
153,Preixana,212,6,12,6,5,48,6,69,14
154,Preixens,212,18,4,14,5,49,8,41,11
155,Prullans,124,6,0,6,0,31,3,37,21
156,Puiggròs,140,15,1,0,1,36,2,68,4
157,Puigverd d'Agramunt,97,13,5,6,1,26,0,29,6
158,Puigverd de Lleida,618,89,22,38,21,162,28,165,52
159,Rialp,339,31,6,9,3,69,15,83,39
160,Ribera d'Urgellet,377,46,1,3,12,105,11,138,26
161,Riner,155,11,2,11,3,28,1,63,22
162,Rosselló,1146,159,20,76,39,308,32,321,75
163,Salàs de Pallars,173,34,1,3,2,48,4,39,28
164,Sanaüja,198,10,9,11,2,41,0,82,21
165,Sant Guim de Freixenet,436,36,10,23,16,146,15,133,27
166,Sant Llorenç de Morunys,487,29,12,6,8,118,4,207,62
167,Sant Ramon,244,16,9,9,0,63,6,85,18
168,Sant Esteve de la Sarga,67,8,2,1,0,15,7,18,6
169,Sant Guim de la Plana,106,8,0,1,2,40,0,31,16
170,Sarroca de Lleida,197,21,3,1,1,80,0,57,13
171,Sarroca de Bellera,63,16,1,3,1,16,1,12,2
172,Senterada,57,10,2,0,0,17,5,13,10
173,"Seu d'Urgell, la",4423,844,137,196,147,1140,209,1060,373
174,Seròs,650,58,13,24,6,195,8,155,31
175,Sidamon,356,42,10,22,5,100,17,106,15
176,"Soleràs, el",185,10,1,1,1,63,1,86,8
177,Solsona,3487,412,44,102,59,909,94,1195,401
178,Soriguera,217,24,3,1,0,62,7,45,60
179,Sort,962,92,19,19,24,259,43,276,142
180,Soses,673,101,13,14,7,221,6,226,28
181,Sudanell,379,32,19,11,2,145,8,95,36
182,Sunyer,140,18,4,3,4,39,3,44,6
183,Talarn,204,35,2,18,9,42,6,54,22
184,Talavera,165,11,4,6,4,46,1,44,22
185,Tàrrega,5954,748,105,235,125,1515,183,2017,532
186,Tarrés,64,2,0,1,0,25,2,23,5
187,Tarroja de Segarra,87,1,1,1,6,20,1,26,21
188,Térmens,641,45,17,24,5,200,10,207,42
189,Tírvia,85,10,0,1,0,24,3,27,12
190,Tiurana,53,3,8,1,1,9,0,20,2
191,Torà,541,42,3,10,6,171,11,183,63
192,"Torms, els",88,6,0,0,0,42,0,22,9
193,Tornabous,316,18,8,10,1,109,1,127,23
194,Torrebesses,143,12,1,0,5,53,9,42,14
195,"Torre de Cabdella, la",440,36,3,8,5,107,11,182,62
196,Torrefarrera,1766,247,50,118,60,474,32,445,98
197,Torregrossa,906,140,34,45,18,349,6,193,37
198,Torrelameu,358,24,12,17,2,154,5,78,20
199,Torres de Segre,782,125,14,25,9,210,16,256,69
200,Torre-serona,187,36,9,8,4,61,5,41,8
201,Tremp,2256,425,49,90,57,472,88,736,156
202,Vallbona de les Monges,141,10,0,3,0,39,5,56,11
203,"Valls de Valira, les",238,31,5,13,4,73,8,67,20
204,Vallfogona de Balaguer,850,113,37,43,21,245,21,251,50
205,Verdú,404,37,14,11,8,110,15,145,34
206,Vielha e Mijaran,1721,520,118,218,126,253,85,185,52
207,Vilagrassa,252,34,9,11,3,64,7,77,14
208,Vilaller,245,51,6,8,10,37,9,45,15
209,Vilamòs,72,23,2,18,6,9,5,1,2
210,Vilanova de Bellpuig,625,34,9,13,5,184,6,258,50
211,Vilanova de l'Aguda,106,11,3,5,2,33,0,25,13
212,Vilanova de Meià,209,22,5,3,1,62,2,85,15
213,Vilanova de Segrià,437,42,15,24,12,138,8,134,26
214,Vila-sana,304,21,7,7,8,87,9,102,26
215,"Vilosell, el",118,9,2,4,2,40,9,27,16
216,Vilanova de la Barca,419,61,17,19,10,108,14,126,21
217,Vinaixa,265,29,7,13,9,92,4,65,23
0,Abrera,4966,1647,181,561,413,982,412,381,167
1,Aguilar de Segarra,170,6,2,5,2,28,2,66,38
2,Alella,4531,737,206,313,279,966,200,1234,265
3,Alpens,178,6,0,1,0,45,7,82,19
4,"Ametlla del Vallès, l'",3912,497,107,278,156,893,192,1247,238
5,Arenys de Mar,6426,946,208,344,218,1421,317,2056,510
6,Arenys de Munt,3925,413,68,171,85,1088,149,1300,404
7,Argençola,117,5,2,7,0,25,6,39,22
8,Argentona,5474,863,181,367,251,1232,311,1482,426
9,Artés,2478,291,28,114,84,642,82,775,305
10,Avià,1118,66,7,12,7,324,27,416,152
11,Avinyó,1078,83,13,18,14,297,26,426,117
12,Avinyonet del Penedès,815,92,9,36,28,191,36,331,49
13,Aiguafreda,1230,141,23,47,27,347,51,393,115
14,Badalona,71072,21150,4016,6836,4678,13223,5640,8420,3839
15,Bagà,1125,183,16,30,35,300,31,358,110
16,Balenyà,1533,207,15,74,37,393,51,513,152
17,Balsareny,1385,234,21,100,49,351,63,371,114
18,Barcelona,627992,146370,32897,44393,38688,118491,57078,111021,42977
19,Begues,3400,621,96,221,181,858,232,732,237
20,Bellprat,41,3,0,2,0,10,0,17,4
21,Berga,6464,682,78,168,105,1524,184,2470,777
22,Bigues i Riells,3655,624,101,259,207,1019,212,777,259
23,Borredà,232,25,3,5,3,72,5,85,23
24,"Bruc, el",884,135,15,53,28,222,60,107,95
25,"Brull, el",152,4,2,7,2,33,2,72,19
26,"Cabanyes, les",497,65,10,26,11,109,19,161,52
27,Cabrera d'Anoia,522,122,23,62,34,133,40,60,21
28,Cabrera de Mar,2446,346,94,113,151,514,105,694,170
29,Cabrils,3360,439,126,179,159,771,146,1077,192
30,Calaf,1359,225,19,42,43,295,53,479,78
31,Caldes d'Estrac,1276,230,42,64,51,303,86,342,59
32,Caldes de Montbui,7433,1375,184,450,294,1838,414,1747,678
33,Calders,557,33,8,15,7,157,8,203,77
34,Calella,6974,1205,202,490,304,1662,367,1806,455
35,Calonge de Segarra,120,9,0,1,2,31,1,45,9
36,Calldetenes,1295,61,8,31,19,307,23,611,151
37,Callús,927,101,11,40,14,287,38,275,76
38,Campins,290,32,2,6,3,66,24,96,41
39,Canet de Mar,5901,975,163,389,209,1471,338,1541,476
40,Canovelles,4837,1752,189,633,385,698,313,518,121
41,Cànoves i Samalús,1293,272,57,113,61,314,89,233,84
42,Canyelles,1706,404,43,165,139,363,108,266,76
43,Capellades,2116,400,53,99,91,516,100,410,287
44,Capolat,41,0,0,0,0,7,1,22,9
45,Cardedeu,8052,1317,155,356,310,1915,593,2001,911
46,Cardona,1912,399,61,86,62,553,57,397,148
47,Carme,376,36,4,7,9,116,9,130,31
48,Casserres,773,43,13,14,5,206,15,297,110
49,Castellar del Riu,98,2,0,1,2,20,0,49,10
50,Castellar del Vallès,10459,2239,258,700,500,2550,679,2261,666
51,Castellar de n'Hug,101,7,0,2,0,21,2,47,1
52,Castellbell i el Vilar,1364,271,24,130,36,363,64,296,76
53,Castellbisbal,5010,1195,138,478,347,1096,386,779,327
54,Castellcir,340,20,0,17,6,112,17,85,53
55,Castelldefels,22404,6393,1661,2472,2099,3861,1665,2275,707
56,Castell de l'Areny,45,1,1,0,0,9,4,18,6
57,Castellet i la Gornal,924,205,13,75,41,239,66,160,63
58,Castellfollit del Boix,222,12,3,1,4,54,5,79,43
59,Castellfollit de Riubregós,106,10,4,2,1,14,3,47,11
60,Castellgalí,824,190,28,77,31,186,55,156,41
61,Castellnou de Bages,674,88,14,39,34,178,26,190,61
62,Castellolí,364,27,3,5,8,122,10,116,29
63,Castellterçol,1200,135,14,33,19,334,50,396,112
64,Castellví de la Marca,776,79,20,19,19,230,29,237,75
65,Castellví de Rosanes,930,213,25,96,47,221,69,137,49
66,Centelles,3418,420,51,94,73,800,125,1227,368
67,Cervelló,3826,854,124,378,239,1003,236,615,206
68,Collbató,2002,310,53,156,97,553,117,450,121
69,Collsuspina,220,15,1,2,1,56,12,99,19
70,Copons,179,21,3,3,2,39,8,60,22
71,Corbera de Llobregat,5619,1015,134,450,372,1472,333,1126,362
72,Cornellà de Llobregat,31453,12462,1356,2834,2494,4703,3414,1758,1193
73,Cubelles,5509,1481,185,636,419,1219,382,691,236
74,Dosrius,2145,399,64,206,104,558,111,464,133
75,Esparreguera,8294,2136,232,628,495,2063,586,1254,476
76,Esplugues de Llobregat,19159,6528,1203,1758,1603,2989,1557,1911,677
77,"Espunyola, l'",140,1,3,0,1,31,3,66,18
78,"Estany, l'",249,16,1,3,3,86,6,81,27
79,Fígols,27,1,4,1,0,10,0,5,4
80,Fogars de Montclús,244,10,2,4,2,42,10,123,27
81,Fogars de la Selva,587,132,18,79,37,87,50,124,25
82,Folgueroles,1316,70,9,12,9,264,26,694,148
83,Fonollosa,743,79,10,32,15,222,17,223,75
84,Font-rubí,644,55,6,21,9,170,18,210,66
85,"Franqueses del Vallès, les",7025,1718,157,631,491,1586,410,1257,387
86,Gallifa,117,10,2,2,3,18,9,49,10
87,"Garriga, la",7502,1080,155,295,231,1765,377,2315,795
88,Gavà,16794,5555,837,1756,1409,3086,1174,1667,479
89,Gaià,101,5,0,0,0,32,4,40,7
90,Gelida,3038,656,63,173,127,796,247,593,223
91,Gironella,2172,207,36,54,35,562,48,698,222
92,Gisclareny,21,0,0,0,0,5,3,8,4
93,"Granada, la",1018,137,14,37,22,292,43,292,98
94,Granera,54,4,0,0,0,17,0,20,8
95,Granollers,24181,6227,830,1653,1468,4962,1400,4795,1372
96,Gualba,725,92,9,28,13,183,38,257,73
97,Sant Salvador de Guardiola,1407,201,39,117,57,319,75,354,104
98,Guardiola de Berguedà,467,75,3,13,11,117,14,128,69
99,Gurb,1547,99,31,31,21,298,18,742,148
100,"Hospitalet de Llobregat, l'",81821,31337,4271,7755,6382,12749,7219,5825,2856
101,Igualada,16317,2620,460,795,577,3593,653,4347,1223
102,Jorba,381,40,5,19,16,102,13,111,39
103,"Llacuna, la",431,19,12,6,5,108,13,155,60
104,"Llagosta, la",4634,2035,215,499,382,633,338,232,102
105,Llinars del Vallès,4063,776,103,257,222,1100,194,864,284
106,Lliçà d'Amunt,5596,1416,181,559,402,1299,427,762,288
107,Lliçà de Vall,2822,665,126,237,232,615,186,485,112
108,Lluçà,162,5,2,0,1,48,4,51,41
109,Malgrat de Mar,6848,1676,210,498,330,1582,392,1297,389
110,Malla,189,12,4,3,2,30,4,96,15
111,Manlleu,6784,997,85,380,202,1450,204,2468,578
112,Manresa,27397,4248,623,1499,884,6424,1268,8126,2322
113,Martorell,9750,2893,323,776,595,2172,792,1179,438
114,Martorelles,1902,460,42,151,126,461,141,328,96
115,"Masies de Roda, les",381,14,9,15,5,87,9,184,29
116,"Masies de Voltregà, les",1584,204,20,68,29,366,52,579,157
117,"Masnou, el",10756,1886,376,631,536,2577,766,2454,834
118,Masquefa,3324,803,83,381,205,796,235,461,167
119,Matadepera,4886,368,189,304,176,788,94,2054,259
120,Mataró,43729,10683,1509,4625,2550,8700,2879,8067,2356
121,Mediona,846,124,8,42,14,262,61,189,95
122,Molins de Rei,12057,2710,269,646,558,3070,861,2264,971
123,Mollet del Vallès,18638,6160,575,1552,1298,3742,1726,2033,692
124,Montcada i Reixac,12569,3845,430,1214,892,2655,1243,1200,495
125,Montgat,4793,1076,150,378,335,1117,421,778,281
126,Monistrol de Montserrat,1106,198,30,82,35,275,56,255,105
127,Monistrol de Calders,356,25,2,17,3,106,9,119,50
128,Muntanyola,355,19,3,6,6,119,13,126,37
129,Montclar,69,1,1,2,0,16,1,31,10
130,Montesquiu,474,36,4,20,9,139,9,183,36
131,Montmajor,203,18,4,4,1,24,6,108,16
132,Montmaneu,86,4,2,3,0,18,0,41,6
133,Figaró-Montmany,519,76,17,19,14,142,30,132,61
134,Montmeló,3947,1363,185,320,257,624,405,384,208
135,Montornès del Vallès,5669,1908,256,611,449,924,546,524,179
136,Montseny,197,20,0,3,2,44,14,64,25
137,Moià,2603,295,43,77,59,777,106,737,287
138,Mura,145,18,0,0,0,42,5,36,26
139,Navarcles,2647,461,53,144,67,667,138,731,170
140,Navàs,2649,348,41,85,69,662,56,859,360
141,"Nou de Berguedà, la",112,13,0,1,3,17,4,46,18
142,Òdena,1506,357,26,88,60,319,75,300,101
143,Olvan,461,37,14,14,8,120,7,155,62
144,Olèrdola,1707,303,32,95,57,411,94,422,152
145,Olesa de Bonesvalls,812,175,20,90,62,197,61,116,40
146,Olesa de Montserrat,9022,2062,181,617,584,2255,652,1515,622
147,Olivella,1220,270,34,174,97,265,88,170,66
148,Olost,570,33,4,5,8,148,6,238,76
149,Orís,178,13,4,3,2,32,8,76,21
150,Oristà,300,19,5,4,4,65,7,116,31
151,Orpí,84,4,0,2,0,28,1,31,14
152,Òrrius,420,31,2,13,8,123,19,125,65
153,Pacs del Penedès,444,61,12,21,18,101,25,121,33
154,Palafolls,3698,902,68,336,225,873,269,575,201
155,Palau-solità i Plegamans,6222,1338,192,585,432,1522,410,1117,294
156,Pallejà,5052,1437,154,476,376,1109,431,617,204
157,"Papiol, el",1791,392,54,96,98,478,101,346,120
158,Parets del Vallès,7530,2148,214,593,414,1735,607,1063,393
159,Perafita,210,7,3,4,0,52,7,89,25
160,Piera,5209,1133,162,575,288,1303,312,804,349
161,"Hostalets de Pierola, els",1148,184,38,87,48,338,59,227,112
162,Pineda de Mar,9561,2520,370,1038,490,2394,507,1435,403
163,"Pla del Penedès, el",598,60,7,21,14,189,27,150,70
164,"Pobla de Claramunt, la",914,189,13,42,36,190,39,248,76
165,"Pobla de Lillet, la",547,53,8,20,6,158,17,207,46
166,Polinyà,2976,944,91,359,236,559,281,256,89
167,Pontons,209,15,32,12,4,35,7,72,18
168,"Prat de Llobregat, el",23413,8292,983,2177,1744,4115,2536,1729,773
169,"Prats de Rei, els",269,31,4,7,5,50,7,116,18
170,Prats de Lluçanès,1251,70,12,29,13,339,25,537,123
171,Premià de Mar,11130,2359,333,763,680,2566,896,2109,852
172,Puigdàlber,278,22,7,23,2,74,9,90,31
173,Puig-reig,1883,175,44,51,42,535,56,613,171
174,Pujalt,112,5,6,4,2,24,4,48,10
175,"Quar, la",20,1,0,0,0,5,0,2,7
176,Rajadell,313,26,3,20,4,82,13,82,36
177,Rellinars,377,44,4,15,25,121,32,79,31
178,Ripollet,12991,4352,472,1444,924,2283,1295,1043,603
179,"Roca del Vallès, la",4750,1214,121,326,207,1078,240,999,279
180,"Pont de Vilomara i Rocafort, el",1379,368,27,220,74,312,70,188,64
181,Roda de Ter,2617,251,20,106,39,642,90,1037,243
182,Rubí,25531,7371,893,2760,1847,5194,2205,2805,1241
183,Rubió,120,7,1,8,5,33,8,23,11
184,Sabadell,81158,21648,2544,6278,4894,16106,6274,14034,5019
185,Sagàs,89,3,1,0,2,18,0,36,17
186,Sant Pere Sallavinera,104,3,2,1,1,27,2,37,10
187,Saldes,178,9,1,0,6,52,8,59,27
188,Sallent,2898,520,52,113,55,819,146,711,325
189,Santpedor,3518,469,48,147,73,1080,145,988,318
190,Sant Iscle de Vallalta,570,55,9,39,16,162,38,166,46
191,Sant Adrià de Besòs,10359,3488,488,1236,854,1834,861,790,380
192,Sant Agustí de Lluçanès,57,1,1,1,1,8,2,26,4
193,Sant Andreu de la Barca,9698,3512,347,1253,824,1758,699,603,281
194,Sant Andreu de Llavaneres,4602,729,257,412,245,1011,202,1213,191
195,Sant Antoni de Vilamajor,2773,363,58,149,106,697,130,824,259
196,Sant Bartomeu del Grau,418,58,5,11,10,79,13,157,39
197,Sant Boi de Llobregat,30145,10598,1125,2800,2200,5673,2942,2409,1069
198,Sant Boi de Lluçanès,303,27,4,3,2,81,8,122,20
199,Sant Celoni,7012,1279,132,318,196,1605,366,2109,608
200,Sant Cebrià de Vallalta,1285,187,34,87,41,348,57,350,106
201,Sant Climent de Llobregat,1858,484,35,106,81,470,127,338,110
202,Sant Cugat del Vallès,42496,7312,2286,3119,2668,7528,2759,10243,2836
203,Sant Cugat Sesgarrigues,530,89,3,15,4,157,18,145,58
204,Sant Esteve de Palautordera,1467,65,18,29,24,343,51,619,213
205,Sant Esteve Sesrovires,3336,824,107,251,228,841,249,523,164
206,Sant Fost de Campsentelles,3565,843,173,355,232,776,241,633,145
207,Sant Feliu de Codines,2402,329,52,91,43,654,96,725,234
208,Sant Feliu de Llobregat,19682,6026,768,1664,1520,3801,1748,2226,911
209,Sant Feliu Sasserra,343,15,5,3,2,95,3,176,21
210,Sant Fruitós de Bages,3751,534,68,196,125,859,173,1200,280
211,Vilassar de Dalt,4154,566,126,220,161,1039,217,1213,339
212,Sant Hipòlit de Voltregà,1545,175,28,57,19,311,34,660,147
213,Sant Jaume de Frontanyà,12,4,0,0,0,6,1,0,0
214,Sant Joan Despí,15106,5179,595,1349,1136,2634,1415,1513,500
215,Sant Joan de Vilatorrada,4256,993,102,319,227,909,266,962,256
216,Vilassar de Mar,9803,1637,290,496,429,2181,673,2588,808
217,Sant Julià de Vilatorta,1824,78,12,26,12,400,21,963,173
218,Sant Just Desvern,8850,1943,451,606,576,1705,557,1759,589
219,Sant Llorenç d'Hortons,1225,175,34,76,31,351,82,285,113
220,Sant Llorenç Savall,1080,129,10,63,30,319,30,316,119
221,Sant Martí de Centelles,524,59,10,32,15,156,30,156,40
222,Sant Martí d'Albars,69,0,0,0,0,14,1,40,8
223,Sant Martí de Tous,695,50,8,11,11,218,12,229,90
224,Sant Martí Sarroca,1376,166,17,52,30,336,67,388,182
225,Sant Martí Sesgueioles,200,13,6,9,3,54,8,62,19
226,Sant Mateu de Bages,372,31,2,7,5,97,7,128,32
227,Premià de Dalt,4615,900,168,383,318,933,234,1108,254
228,Sant Pere de Ribes,10597,2824,311,1006,725,2083,778,1657,738
229,Sant Pere de Riudebitlles,1041,141,14,19,14,302,39,302,128
230,Sant Pere de Torelló,1110,90,3,22,9,292,12,503,116
231,Sant Pere de Vilamajor,1884,237,44,109,74,504,116,446,203
232,Sant Pol de Mar,2602,278,46,76,66,630,113,964,235
233,Sant Quintí de Mediona,892,93,16,26,22,287,26,254,90
234,Sant Quirze de Besora,1039,102,14,20,8,266,21,403,114
235,Sant Quirze del Vallès,9578,1747,309,712,557,2228,522,2339,544
236,Sant Quirze Safaja,302,41,17,21,17,64,14,83,15
237,Sant Sadurní d'Anoia,5518,1002,121,206,127,1451,385,1327,483
238,Sant Sadurní d'Osormort,51,6,0,2,2,9,2,24,6
239,Marganell,135,10,3,5,2,40,5,46,13
240,Santa Cecília de Voltregà,109,3,1,0,1,29,0,55,6
241,Santa Coloma de Cervelló,3789,960,89,239,261,971,376,495,208
242,Santa Coloma de Gramenet,34091,14000,1508,3319,2850,5015,3296,1601,1144
243,Santa Eugènia de Berga,1093,68,10,19,7,268,18,546,108
244,Santa Eulàlia de Riuprimer,720,39,7,12,7,175,19,296,94
245,Santa Eulàlia de Ronçana,3055,515,68,161,160,809,182,762,251
246,Santa Fe del Penedès,230,22,3,12,5,49,10,76,29
247,Santa Margarida de Montbui,3141,1059,92,331,233,569,221,277,140
248,Santa Margarida i els Monjos,2648,732,52,206,137,629,150,427,147
249,Barberà del Vallès,12703,4286,507,1356,1140,2258,1231,851,484
250,Santa Maria de Besora,92,6,0,0,0,22,3,39,11
251,"Esquirol, l'",1288,38,2,11,1,351,43,547,209
252,Santa Maria de Merlès,89,1,0,1,0,19,3,38,18
253,Santa Maria de Martorelles,425,53,8,26,12,114,51,78,50
254,Santa Maria de Miralles,76,7,1,3,0,15,5,23,6
255,Santa Maria d'Oló,588,23,6,4,5,200,8,200,102
256,Santa Maria de Palautordera,4371,669,81,193,120,1102,238,1278,423
257,Santa Perpètua de Mogoda,9460,2913,333,1007,743,1890,830,943,371
258,Santa Susanna,1388,246,42,130,122,313,84,271,104
259,Sant Vicenç de Castellet,3323,660,69,215,155,858,184,738,218
260,Sant Vicenç dels Horts,10391,3029,334,1215,770,2719,729,707,358
261,Sant Vicenç de Montalt,2823,400,139,275,194,530,108,800,118
262,Sant Vicenç de Torelló,1132,80,8,20,12,260,21,472,176
263,Cerdanyola del Vallès,24023,7089,993,1871,1771,4404,2264,2935,1445
264,Sentmenat,3609,806,88,340,135,841,254,682,286
265,Cercs,583,76,6,17,12,193,13,174,53
266,Seva,1748,115,21,68,19,446,49,718,191
267,Sitges,10767,2456,518,1020,821,2107,627,2057,496
268,Sobremunt,36,0,0,0,0,4,3,10,16
269,Sora,116,2,0,0,2,29,3,42,21
270,Subirats,1649,150,29,51,25,443,55,514,243
271,Súria,2601,722,49,111,103,611,115,583,173
272,Tavèrnoles,179,10,1,1,0,41,3,75,29
273,Tagamanent,147,12,0,10,5,41,15,45,11
274,Talamanca,122,9,5,0,1,41,3,43,7
275,Taradell,3229,177,35,65,20,756,63,1547,350
276,Terrassa,79152,20172,2628,7195,4995,16364,5893,13072,4329
277,Tavertet,68,2,0,0,2,19,7,25,10
278,Teià,3264,457,113,150,130,757,191,1012,246
279,Tiana,4646,778,163,216,208,1132,268,1178,370
280,Tona,3424,359,35,138,46,750,81,1440,343
281,Tordera,5447,1056,132,487,290,1370,283,1222,305
282,Torelló,5603,632,52,169,140,1265,168,2209,585
283,"Torre de Claramunt, la",1463,369,32,140,98,302,68,238,92
284,Torrelavit,730,54,7,9,9,230,34,250,79
285,Torrelles de Foix,764,138,18,55,32,197,45,119,58
286,Torrelles de Llobregat,2688,454,49,139,90,798,188,565,281
287,Ullastrell,991,110,8,54,37,294,51,291,109
288,Vacarisses,2545,471,55,233,140,690,201,427,199
289,Vallbona d'Anoia,648,118,16,32,18,141,24,170,97
290,Vallcebre,165,15,3,2,0,45,3,55,25
291,Vallgorguina,1258,122,29,63,33,334,83,400,125
292,Vallirana,5730,1514,180,671,405,1366,376,751,215
293,Vallromanes,1244,209,39,90,65,301,57,333,57
294,Veciana,90,3,2,3,2,18,4,35,5
295,Vic,15646,1646,213,567,261,3125,524,6516,1555
296,Vilada,245,21,0,6,2,71,7,81,37
297,Viladecavalls,3560,632,108,317,246,908,291,629,209
298,Viladecans,24304,9265,987,2668,2202,3786,2143,1494,602
299,Vilanova del Camí,4307,1572,129,434,344,705,299,373,155
300,Vilanova de Sau,191,13,1,5,7,49,7,69,32
301,Vilobí del Penedès,541,51,4,17,13,150,14,214,51
302,Vilafranca del Penedès,15548,2780,338,718,496,3534,822,3985,1669
303,Vilalba Sasserra,292,49,11,17,7,87,12,66,17
304,Vilanova i la Geltrú,26320,6427,661,1606,1399,6000,2048,4799,1989
305,Viver i Serrateix,104,5,0,0,0,14,0,66,7
0,Agullana,393,32,2,17,14,107,16,104,56
1,Aiguaviva,446,32,6,20,14,93,12,200,49
2,Albanyà,77,0,0,0,2,17,4,36,16
3,Albons,376,35,6,3,8,91,16,137,61
4,"Far d'Empordà, el",277,30,2,10,6,91,8,81,12
5,Alp,735,78,14,24,23,168,21,231,97
6,Amer,1143,64,8,11,12,183,23,673,107
7,Anglès,1997,170,20,57,29,386,50,960,212
8,Arbúcies,2442,170,24,56,41,576,96,1014,320
9,Argelaguer,210,4,0,0,2,33,14,98,43
10,"Armentera, l'",481,41,7,8,5,130,10,194,47
11,Avinyonet de Puigventós,687,86,12,65,28,165,32,200,29
12,Begur,1612,326,49,105,64,338,71,463,88
13,"Vajol, la",40,5,0,1,0,11,2,19,0
14,Banyoles,7984,654,97,167,125,1914,271,3200,964
15,Bàscara,474,41,3,16,4,114,18,185,56
16,Bellcaire d'Empordà,345,34,2,9,5,82,12,124,57
17,Besalú,1174,105,10,17,15,283,29,505,93
18,Bescanó,2375,174,20,70,31,521,60,1096,267
19,Beuda,79,8,0,2,1,11,6,23,16
20,"Bisbal d'Empordà, la",3948,547,56,117,49,1018,170,1209,537
21,Blanes,13313,3500,349,1171,806,2670,1153,2243,583
22,Bolvir,237,24,12,25,7,27,5,75,12
23,Bordils,841,53,10,22,8,160,19,348,167
24,Borrassà,380,30,7,19,2,76,2,189,30
25,Breda,1735,180,28,34,25,541,41,560,219
26,Brunyola i Sant Martí Sapresa,185,5,3,2,1,45,5,83,22
27,Boadella i les Escaules,137,15,2,17,2,34,4,38,17
28,Cabanes,363,45,8,39,8,67,8,126,34
29,Cabanelles,77,6,1,6,0,22,0,26,13
30,Cadaqués,931,122,6,30,23,221,58,342,67
31,Caldes de Malavella,2826,400,60,176,96,667,164,871,225
32,Calonge i Sant Antoni,3797,632,79,269,135,840,156,1213,249
33,Camós,403,24,5,11,6,121,9,156,38
34,Campdevànol,1487,192,14,49,19,390,65,477,147
35,Campelles,74,1,0,1,3,14,2,35,6
36,Campllong,281,10,5,12,3,58,6,119,33
37,Camprodon,1113,145,18,35,13,197,37,442,71
38,Canet d'Adri,371,26,4,4,9,65,15,156,60
39,Cantallops,130,14,5,1,4,54,4,24,11
40,Capmany,265,24,4,13,10,62,15,99,17
41,Queralbs,126,12,2,4,1,28,2,54,13
42,Cassà de la Selva,4145,459,54,130,71,1005,109,1648,390
43,Castellfollit de la Roca,423,25,6,9,1,153,11,142,48
44,Castelló d'Empúries,2433,347,90,287,149,473,87,617,195
45,Castell-Platja d'Aro,3380,744,116,312,195,586,116,929,109
46,Celrà,2059,248,15,60,53,362,73,577,559
47,Cervià de Ter,503,26,6,5,2,110,19,219,77
48,Cistella,149,14,2,6,1,28,1,51,23
49,Siurana,97,2,3,4,1,29,3,35,11
50,Colera,220,31,2,17,7,48,8,74,23
51,Colomers,121,11,0,1,0,35,8,47,13
52,Cornellà del Terri,1150,74,23,25,12,237,28,529,132
53,Corçà,692,79,3,11,12,185,12,241,88
54,Crespià,124,5,3,0,3,20,12,54,21
55,Darnius,245,23,10,26,8,59,11,77,21
56,Das,121,8,2,4,5,33,1,48,5
57,"Escala, l'",3123,445,77,227,86,665,142,987,286
58,Espinelves,153,5,2,0,1,51,1,60,26
59,Espolla,234,40,3,10,1,59,9,61,28
60,Esponellà,231,6,0,2,0,53,8,107,38
61,Figueres,12054,2161,403,1439,565,2385,488,2775,704
62,Flaçà,482,40,4,12,9,103,12,186,80
63,Foixà,178,24,0,3,5,28,8,81,14
64,Fontanals de Cerdanya,264,29,9,23,12,39,7,98,19
65,Fontanilles,86,4,1,0,0,13,1,56,4
66,Fontcoberta,825,47,6,17,7,246,19,336,77
67,Fornells de la Selva,1466,133,39,46,30,269,35,627,150
68,Fortià,357,49,8,23,10,83,13,95,40
69,Garrigàs,224,10,2,16,8,54,0,70,24
70,Garrigoles,90,4,1,1,1,19,10,27,19
71,Garriguella,351,44,4,10,10,75,21,121,35
72,Ger,274,23,6,3,3,59,7,115,32
73,Girona,37878,6193,902,2280,1292,6498,1628,12240,4039
74,Gombrèn,87,7,3,3,3,23,1,26,18
75,Gualta,188,17,2,3,5,35,7,86,20
76,Guils de Cerdanya,278,14,11,19,12,45,4,97,27
77,Hostalric,1545,280,35,78,51,377,87,410,134
78,Isòvol,157,19,1,6,3,31,8,54,12
79,Jafre,223,11,3,2,5,58,9,79,37
80,"Jonquera, la",818,184,35,104,53,176,19,127,53
81,Juià,165,10,3,6,1,40,1,57,39
82,Lladó,406,24,2,13,3,112,26,135,50
83,Llagostera,2979,378,48,131,72,695,98,1026,262
84,Llambilles,411,28,6,7,9,86,7,215,31
85,Llanars,256,12,3,2,6,63,2,121,30
86,Llançà,1813,297,31,85,48,517,56,510,131
87,Llers,564,69,8,19,12,145,24,190,45
88,Llívia,616,68,15,34,27,108,20,230,49
89,Lloret de Mar,9343,2555,316,1114,638,1559,493,1541,270
90,"Llosses, les",95,5,2,2,0,23,3,32,15
91,Madremanya,151,6,3,0,4,31,6,47,42
92,Maià de Montcal,191,21,3,7,3,53,6,58,22
93,Meranges,58,6,1,3,0,7,0,25,5
94,Masarac,131,14,0,6,2,21,1,71,8
95,Massanes,298,36,3,24,11,75,16,84,33
96,Maçanet de Cabrenys,386,40,1,8,3,126,8,141,28
97,Maçanet de la Selva,2143,421,54,187,100,472,123,513,166
98,Mieres,171,6,3,4,7,44,11,42,37
99,Mollet de Peralada,104,16,1,4,4,22,0,40,6
100,Molló,186,8,6,7,2,27,9,97,10
101,Montagut i Oix,430,15,0,10,7,89,9,177,84
102,Mont-ras,775,158,27,58,30,173,27,224,35
103,Navata,651,44,9,35,16,135,26,210,80
104,Ogassa,133,8,4,5,0,30,6,56,14
105,Olot,12408,1539,158,521,212,2810,396,4674,1171
106,Ordis,200,10,0,5,1,74,5,62,23
107,Osor,226,14,1,8,3,59,3,85,44
108,Palafrugell,6931,1429,131,456,263,1505,344,1888,474
109,Palamós,6491,1173,106,454,227,1620,223,1872,409
110,Palau de Santa Eulàlia,63,6,1,1,1,12,5,17,11
111,Palau-saverdera,481,46,14,41,19,127,13,164,19
112,Palau-sator,156,16,1,2,1,23,3,82,18
113,Palol de Revardit,254,11,1,5,1,47,0,138,27
114,Pals,1007,139,10,37,14,257,25,397,58
115,Pardines,84,2,0,1,0,19,1,41,14
116,Parlavà,253,15,2,1,3,70,0,108,43
117,Pau,226,21,2,12,6,51,6,72,33
118,Pedret i Marzà,97,6,5,9,7,25,0,22,11
119,"Pera, la",248,13,0,3,5,49,4,118,43
120,Peralada,919,92,17,65,33,205,24,334,70
121,"Planes d'Hostoles, les",870,63,10,15,9,137,24,492,63
122,Planoles,147,6,0,1,1,39,4,59,24
123,Pont de Molins,243,25,5,23,16,63,10,57,21
124,Pontós,140,10,1,7,2,30,18,46,11
125,Porqueres,2419,171,25,47,31,726,52,931,249
126,Portbou,530,151,11,39,20,109,18,81,30
127,"Preses, les",935,96,3,18,11,230,21,391,89
128,"Port de la Selva, el",469,56,8,12,15,92,12,184,45
129,Puigcerdà,2847,476,96,204,161,572,109,704,164
130,Quart,1816,243,45,122,53,387,69,611,159
131,Rabós,93,4,4,2,2,26,5,27,12
132,Regencós,150,14,2,3,5,36,7,62,8
133,Ribes de Freser,846,79,6,29,26,196,24,320,98
134,Riells i Viabrea,1637,279,24,127,70,483,78,369,105
135,Ripoll,4075,596,62,189,90,900,147,1375,302
136,Riudarenes,871,127,13,53,35,158,30,338,55
137,Riudaura,285,8,1,6,0,57,10,139,58
138,Riudellots de la Selva,1026,93,8,30,19,240,33,456,62
139,Riumors,111,4,4,4,1,26,5,37,15
140,Roses,5353,1206,215,817,332,977,182,1101,168
141,Rupià,153,13,0,0,0,36,8,54,34
142,Sales de Llierca,68,10,0,0,2,13,11,13,14
143,Salt,6984,1513,151,713,224,1369,283,1737,627
144,Sant Andreu Salou,97,18,0,1,0,11,2,46,15
145,Sant Climent Sescebes,246,22,3,49,6,61,8,60,21
146,Sant Feliu de Buixalleu,385,36,3,9,6,93,16,158,37
147,Sant Feliu de Guíxols,7362,1550,166,488,297,1627,379,2095,325
148,Sant Feliu de Pallerols,741,46,9,9,8,205,20,291,104
149,Sant Ferriol,91,9,0,6,0,13,8,31,13
150,Sant Gregori,2030,137,18,47,33,454,60,900,244
151,Sant Hilari Sacalm,2096,204,11,27,39,509,33,883,234
152,Sant Jaume de Llierca,377,38,3,9,3,102,7,149,45
153,Sant Jordi Desvalls,413,17,0,8,1,98,6,181,69
154,Sant Joan de les Abadesses,1627,163,11,45,12,407,36,651,154
155,Sant Joan de Mollet,267,21,0,9,6,58,13,99,40
156,Sant Julià de Ramis,1623,250,9,129,56,341,56,503,180
157,Vallfogona de Ripollès,133,2,1,0,2,51,2,50,18
158,Sant Llorenç de la Muga,130,10,1,2,0,35,9,48,14
159,Sant Martí de Llémena,298,24,1,11,1,71,10,101,50
160,Sant Martí Vell,133,10,3,4,1,33,6,39,32
161,Sant Miquel de Campmajor,109,3,0,1,2,25,4,41,26
162,Sant Miquel de Fluvià,266,57,11,52,12,39,11,49,19
163,Sant Mori,92,14,6,6,6,19,4,21,12
164,Sant Pau de Segúries,339,32,2,10,9,79,3,137,35
165,Sant Pere Pescador,604,51,9,22,15,145,19,253,48
166,Santa Coloma de Farners,4510,472,66,186,68,983,137,1884,423
167,Santa Cristina d'Aro,1899,310,45,121,93,440,108,565,78
168,Santa Llogaia d'Àlguema,151,39,9,24,6,18,11,31,2
169,Sant Aniol de Finestres,172,11,3,9,2,28,2,83,18
170,Santa Pau,830,59,7,16,7,193,24,363,85
171,Sant Joan les Fonts,1221,145,11,24,14,325,31,495,90
172,Sarrià de Ter,2212,416,35,136,74,501,69,633,205
173,"Saus, Camallera i Llampaies",464,56,1,14,3,100,35,148,70
174,"Selva de Mar, la",128,9,3,0,1,24,9,48,28
175,"Cellera de Ter, la",1084,64,5,13,9,199,24,591,127
176,Serinyà,520,33,4,10,7,126,11,213,82
177,Serra de Daró,146,9,2,0,2,28,7,65,20
178,Setcases,96,6,3,3,4,15,2,36,5
179,Sils,2161,389,33,175,107,457,92,622,137
180,Susqueda,49,3,2,2,0,15,0,19,2
181,"Tallada d'Empordà, la",278,27,1,3,0,71,14,99,46
182,Terrades,156,8,6,5,8,33,7,47,23
183,Torrent,91,11,0,2,5,22,0,31,8
184,Torroella de Fluvià,264,37,6,25,9,64,13,75,23
185,Torroella de Montgrí,3995,460,56,245,134,919,149,1280,435
186,Tortellà,416,38,3,2,2,106,29,140,71
187,Toses,98,3,1,8,1,27,2,34,12
188,Tossa de Mar,2079,366,55,112,107,497,77,595,118
189,Ultramort,105,4,0,0,2,27,4,45,14
190,Ullà,370,71,15,21,10,73,15,111,29
191,Ullastret,142,8,1,1,0,36,7,63,13
192,Urús,122,9,5,1,2,22,3,43,17
193,"Vall d'en Bas, la",1668,80,17,18,18,396,47,740,213
194,"Vall de Bianya, la",586,28,6,10,7,125,23,265,81
195,Vall-llobrega,427,54,11,38,20,104,13,131,32
196,Ventalló,387,37,9,11,1,81,16,147,51
197,Verges,595,39,5,8,8,106,13,264,115
198,Vidrà,113,5,0,3,0,26,0,41,14
199,Vidreres,2593,363,35,161,68,544,117,963,191
200,Vilabertran,434,34,14,22,6,115,12,154,31
201,Vilablareix,1663,206,26,71,40,455,44,550,117
202,Viladasens,118,11,3,1,1,17,2,56,19
203,Viladamat,277,15,3,9,5,44,7,93,82
204,Vilademuls,423,22,5,4,8,65,20,181,80
205,Viladrau,592,26,4,11,8,153,12,255,64
206,Vilafant,2393,407,66,333,121,559,72,543,121
207,Vilaür,92,1,0,1,0,21,1,47,15
208,Vilajuïga,477,77,5,32,8,104,26,141,52
209,Vilallonga de Ter,176,10,3,2,2,27,2,79,12
210,Vilamacolum,136,7,5,5,5,44,3,39,12
211,Vilamalla,456,64,22,102,36,85,10,87,15
212,Vilamaniscle,95,12,1,1,2,35,0,26,13
213,Vilanant,191,17,1,14,4,44,8,65,14
214,Vila-sacra,300,49,6,27,15,55,3,102,21
215,Vilopriu,119,16,1,9,4,25,6,37,16
216,Vilobí d'Onyar,1479,103,12,55,24,315,33,649,145
217,Biure,116,13,2,10,5,30,8,30,12
0,Aiguamúrcia,404,64,5,16,12,106,25,99,51
1,Albinyana,849,218,33,103,64,159,44,99,31
2,"Albiol, l'",190,37,7,10,11,48,13,34,15
3,Alcanar,2941,328,72,168,69,1158,114,543,264
4,Alcover,1825,263,56,118,47,494,70,466,212
5,Aldover,358,45,2,15,2,154,19,72,18
6,"Aleixar, l'",412,27,12,19,12,122,10,130,57
7,Alfara de Carles,121,19,10,15,2,35,2,19,12
8,Alforja,800,117,12,27,23,216,38,184,109
9,Alió,202,22,3,11,3,51,10,67,20
10,Almoster,739,63,25,37,20,184,26,263,66
11,Altafulla,2478,512,86,187,121,548,169,501,173
12,"Ametlla de Mar, l'",2406,319,64,147,64,762,89,651,132
13,Amposta,6663,980,151,335,173,2384,295,1226,445
14,Arbolí,90,0,0,0,0,39,8,22,10
15,"Arboç, l'",1871,573,48,132,103,390,95,282,123
16,"Argentera, l'",98,7,3,0,0,36,2,36,8
17,Arnes,296,21,3,6,5,85,7,132,9
18,Ascó,702,100,28,24,31,256,19,140,46
19,Banyeres del Penedès,1199,310,33,111,85,253,62,203,71
20,Barberà de la Conca,208,15,5,12,2,50,10,55,27
21,Batea,895,304,42,72,14,229,19,135,37
22,Bellmunt del Priorat,151,20,0,1,0,54,4,25,25
23,Bellvei,754,168,28,104,51,166,45,90,45
24,Benifallet,376,112,11,12,4,122,19,55,19
25,Benissanet,502,47,11,20,6,166,8,156,52
26,"Bisbal de Falset, la",128,8,0,5,0,38,3,60,3
27,"Bisbal del Penedès, la",1177,244,20,104,45,260,59,227,81
28,Blancafort,219,12,2,0,2,112,13,37,23
29,Bonastre,298,40,6,21,10,89,24,72,14
30,"Borges del Camp, les",904,67,14,48,22,252,26,356,76
31,Bot,324,54,9,18,5,89,10,91,22
32,Botarell,487,66,9,34,8,185,22,97,41
33,Bràfim,303,38,4,13,11,108,6,78,24
34,Cabacés,164,18,4,3,3,60,2,35,13
35,Cabra del Camp,380,58,12,41,18,81,11,97,35
36,Calafell,8377,2124,360,1025,564,1728,538,1185,338
37,Cambrils,11263,2438,606,1458,919,2094,603,1974,510
38,Capafonts,70,5,1,0,2,19,0,20,20
39,Capçanes,250,12,3,4,2,81,12,65,59
40,Caseres,110,13,8,11,2,48,1,16,5
41,Castellvell del Camp,1411,162,49,113,60,374,67,382,107
42,"Catllar, el",1976,394,89,196,127,449,118,347,157
43,"Sénia, la",2001,401,115,213,106,542,125,224,132
44,Colldejou,101,4,0,1,0,32,3,53,5
45,Conesa,61,5,0,1,1,24,3,14,5
46,Constantí,1785,529,100,242,106,354,66,230,56
47,Corbera d'Ebre,454,53,34,14,8,140,40,67,38
48,Cornudella de Montsant,504,39,5,9,8,174,20,143,61
49,Creixell,1243,302,51,166,65,278,76,198,41
50,Cunit,4253,1297,191,559,368,770,309,368,115
51,Xerta,521,61,4,24,8,193,11,119,43
52,Duesaigües,125,15,2,1,2,39,7,33,13
53,"Espluga de Francolí, l'",1522,136,13,28,20,514,27,478,188
54,Falset,1361,175,20,30,23,452,35,374,168
55,"Fatarella, la",507,31,22,11,9,197,6,113,69
56,"Febró, la",28,2,0,1,0,8,0,12,2
57,"Figuera, la",77,10,2,1,2,25,3,17,10
58,Figuerola del Camp,160,12,1,1,1,42,5,67,19
59,Flix,1654,197,36,32,37,574,63,425,200
60,Forès,25,1,0,2,1,1,0,8,0
61,Freginals,181,34,13,10,7,33,11,41,11
62,"Galera, la",267,44,11,33,1,67,14,29,22
63,Gandesa,1245,117,54,46,24,370,39,263,99
64,Garcia,255,23,4,8,7,76,3,92,24
65,"Garidells, els",108,13,3,4,0,53,3,21,9
66,Ginestar,388,31,1,7,1,160,12,108,34
67,Godall,238,51,18,33,10,70,11,20,13
68,Gratallops,139,15,5,4,5,52,6,31,10
69,"Guiamets, els",177,19,5,2,5,57,4,31,48
70,Horta de Sant Joan,487,63,27,15,8,120,16,142,62
71,"Lloar, el",69,10,3,5,1,26,0,12,7
72,Llorac,56,2,1,1,0,14,2,22,3
73,Llorenç del Penedès,1075,129,13,51,26,320,29,281,120
74,Margalef,55,5,0,2,0,15,1,21,4
75,Marçà,315,36,1,7,4,99,3,99,52
76,Mas de Barberans,229,86,13,22,7,62,6,14,8
77,Masdenverge,480,75,20,18,8,124,11,150,30
78,Masllorenç,256,35,1,15,5,73,9,78,22
79,"Masó, la",167,16,6,6,3,40,8,57,18
80,Maspujols,419,47,4,19,7,142,10,102,55
81,"Masroig, el",246,23,8,13,0,62,3,82,33
82,"Milà, el",91,12,9,11,6,19,3,20,5
83,Miravet,341,37,0,5,6,142,10,81,28
84,"Molar, el",165,13,2,6,4,59,5,46,13
85,Montblanc,2873,391,21,107,45,815,106,860,261
86,Montbrió del Camp,1107,110,27,75,27,374,37,294,89
87,Montferri,145,31,1,9,1,33,8,34,21
88,"Montmell, el",425,104,9,67,20,82,30,60,24
89,Mont-ral,76,6,1,0,0,24,13,14,17
90,Mont-roig del Camp,3538,732,180,491,276,752,143,605,150
91,Móra d'Ebre,1998,321,49,85,57,567,78,551,149
92,Móra la Nova,1176,150,29,53,29,385,33,324,75
93,"Morell, el",1406,246,44,125,90,355,57,282,109
94,"Morera de Montsant, la",72,3,0,0,1,25,4,21,9
95,"Nou de Gaià, la",289,37,7,14,4,86,21,66,30
96,Nulles,239,9,8,16,9,57,8,86,29
97,"Palma d'Ebre, la",194,23,0,2,2,56,1,81,8
98,"Pallaresos, els",1960,453,75,216,130,453,121,288,107
99,Passanant i Belltall,93,7,2,2,0,15,3,38,17
100,Paüls,255,47,4,8,0,119,4,41,10
101,Perafort,513,77,23,55,34,136,22,86,27
102,"Perelló, el",1058,123,5,22,9,374,30,283,114
103,"Piles, les",116,8,2,2,1,28,6,39,15
104,"Pinell de Brai, el",446,58,5,24,4,153,48,94,29
105,Pira,230,19,2,4,5,99,15,41,21
106,"Pla de Santa Maria, el",967,96,20,70,30,220,28,331,103
107,"Pobla de Mafumet, la",1186,248,45,249,87,231,70,108,47
108,"Pobla de Massaluca, la",148,24,5,4,1,54,5,39,6
109,"Pobla de Montornès, la",974,201,41,102,68,274,57,139,39
110,Poboleda,176,13,2,0,1,41,4,64,36
111,"Pont d'Armentera, el",235,20,7,17,4,54,4,94,19
112,Porrera,269,21,1,2,2,99,14,62,55
113,Pradell de la Teixeta,97,7,1,2,0,20,1,32,9
114,Prades,319,26,3,5,1,110,13,110,31
115,Prat de Comte,99,6,6,0,4,24,2,35,6
116,Pratdip,283,28,4,10,14,75,8,82,19
117,Puigpelat,456,86,14,23,20,122,10,86,45
118,Querol,215,38,4,33,12,34,12,43,17
119,Rasquera,347,27,1,6,0,146,4,101,31
120,Renau,78,10,2,1,3,18,7,18,11
121,Reus,33501,6854,1476,3346,1906,6946,1482,6584,2451
122,"Riba, la",264,35,12,12,7,75,7,71,23
123,Riba-roja d'Ebre,532,125,37,16,15,153,16,74,42
124,"Riera de Gaià, la",729,103,16,40,20,206,44,188,62
125,Riudecanyes,516,35,13,20,20,170,16,153,53
126,Riudecols,501,100,4,14,6,168,20,103,49
127,Riudoms,2555,284,52,150,69,702,57,825,212
128,Rocafort de Queralt,123,6,4,3,4,49,2,39,10
129,Roda de Berà,2210,601,121,342,161,427,126,248,64
130,Rodonyà,245,17,2,16,6,64,7,68,24
131,Roquetes,2580,363,57,154,63,856,151,506,214
132,"Rourell, el",179,26,4,16,9,39,4,39,16
133,Salomó,224,18,4,4,9,58,5,88,23
134,Sant Carles de la Ràpita,4994,667,88,234,106,1632,238,1150,386
135,Sant Jaume dels Domenys,1003,177,23,91,44,245,28,234,93
136,Santa Bàrbara,1173,171,60,103,32,310,34,230,69
137,Santa Coloma de Queralt,1161,80,24,33,12,344,22,413,127
138,Santa Oliva,1153,317,46,167,81,229,42,171,51
139,Pontils,72,13,2,2,0,17,5,17,5
140,Sarral,599,47,12,22,8,184,13,204,43
141,Savallà del Comtat,36,4,0,0,1,11,2,12,1
142,"Secuita, la",742,117,21,72,26,181,27,185,72
143,"Selva del Camp, la",2578,445,48,126,88,615,104,634,334
144,Senan,30,2,0,1,0,11,2,7,6
145,Solivella,375,12,16,7,2,114,8,146,32
146,Tarragona,47710,11520,3636,5662,3339,8899,2751,6721,2630
147,Tivenys,423,108,5,27,9,141,11,69,23
148,Tivissa,834,52,35,28,9,258,49,210,97
149,"Torre de Fontaubella, la",83,9,6,4,0,13,3,28,18
150,"Torre de l'Espanyol, la",293,50,1,3,2,107,0,81,17
151,Torredembarra,5459,1124,190,527,347,1331,295,982,340
152,Torroja del Priorat,99,5,2,2,1,46,4,17,19
153,Tortosa,11041,1834,306,625,379,2995,724,2126,759
154,Ulldecona,1994,375,115,167,64,547,85,370,130
155,Ulldemolins,270,19,7,3,3,93,4,105,22
156,Vallclara,53,4,1,0,0,8,1,24,7
157,Vallfogona de Riucorb,59,5,1,2,1,14,1,26,3
158,Vallmoll,759,172,17,71,37,175,26,172,52
159,Valls,8604,1291,204,433,281,2141,263,2576,936
160,Vandellòs i l'Hospitalet de l'Infant,2485,553,110,255,187,544,120,443,116
161,"Vendrell, el",11628,2892,492,1265,704,2532,680,1758,563
162,Vespella de Gaià,180,59,6,20,7,38,17,18,7
163,Vilabella,399,29,6,4,9,132,19,119,44
164,Vilallonga del Camp,850,161,31,72,25,238,47,152,59
165,Vilanova d'Escornalbou,282,16,6,11,1,95,9,81,28
166,Vilanova de Prades,53,4,0,1,0,20,2,15,6
167,Vilaplana,355,31,0,8,3,125,15,104,52
168,Vila-rodona,574,87,10,18,7,171,17,160,58
169,Vila-seca,7436,2102,382,1412,742,1032,437,582,229
170,Vilaverd,177,20,1,5,2,66,5,42,13
171,"Vilella Alta, la",69,1,1,0,0,21,0,19,22
172,"Vilella Baixa, la",118,7,1,1,3,36,6,29,29
173,Vilalba dels Arcs,318,44,21,13,15,85,1,76,29
174,Vimbodí i Poblet,472,44,10,14,11,164,18,141,36
175,Vinebre,219,23,4,17,5,70,3,53,27
176,Vinyols i els Arcs,883,150,36,55,37,260,30,205,52
